Query ID,Predicted Cardinality
0,40927.72980829867
1,3552.7865503065123
2,2381197.45582602
3,1347643.0823691688
4,1453527.1381996642
5,1065.7622613217923
6,23.404121513101483
7,941976.3031391688
8,89916.96929896108
9,4089020.1122947005
10,72.32365793861759
11,607615.728404765
12,17506611.050087284
13,14736927.909706924
14,513306.8987928177
15,1159051.8186504196
16,85711.86376129113
17,2621921.4679036457
18,34017.760109394236
19,30643.749308970506
20,206.57187653813136
21,3923370.7935697534
22,182108805.4733389
23,32.486386759915185
24,119470.01447480175
25,3602633.2635823837
26,16016.848595325378
27,55.16424133167286
28,440.1154533572688
29,10640.916444350487
30,480148.6418919225
31,20249.453090026098
32,31415131.09053282
33,3602633.2635823837
34,7.220164159084557
35,465.99840212347954
36,13156638.01450721
37,7969310.322874832
38,3984793.858571824
39,16861105.804204237
40,8541875.715114871
41,726859.567816678
42,1693845.813281537
43,230.682966990572
44,127596.47657959774
45,26.9906948721977
46,28.93149714195837
47,43.40711837486198
48,443.33281974556536
49,5442273.481201644
50,576177.8159833187
51,22557058.918521434
52,21876941.840148766
53,233062.11557640406
54,18469376.6682627
55,602676.2526055655
56,5955086.2294601435
57,898094.612336311
58,9430.755519064638
59,398824.3901291713
60,612738.253145343
61,253413.69422565633
62,2226883.5676452275
63,10243.052735225845
64,119.69044340793977
65,19.89386753174699
66,205354.37965184895
67,126627.78368946622
68,277183.0812065134
69,5399916.223202425
70,3984793.858571824
71,201836.80005282382
72,24.09088385431322
73,586191.3987255194
74,18280193.976713456
75,270.58684221108325
76,9138541.176755935
77,16478688.640094673
78,27928301.918355506
79,5308315.333876012
80,5241.78246933797
81,6597.782632944491
82,27605717.852042537
83,42387.861275984535
84,34546.44365964106
85,44939.387473419825
86,5163.94263206729
87,30774560.353244737
88,334.755770355656
89,4421381.901013514
90,15534600.720681895
91,870222.4391473915
92,460203.4450620484
93,292361.9062567711
94,38791.37684700122
95,3055804.000717247
96,3678165.5361614972
97,80.24118769634238
98,14029257.13454436
99,8.000928978429265
100,86557.28643930428
101,186438.1301248078
102,165.72931982873226
103,7434.3542081178375
104,932291.1417816883
105,18.529414558987384
106,34488165.19340503
107,345228.4697756248
108,28478975.35792141
109,1397850.0534376262
110,16.892664954354657
111,9.15789890793998
112,691385.6798803223
113,1472898.191458848
114,1067382.703635973
115,5753423.977166335
116,18.07814276716622
117,16955.41083474121
118,22346.01631467308
119,739284.5881563649
120,25.036362914609967
121,3984793.858571824
122,1349255.7030441805
123,163.38227508961543
124,9790563.290357057
125,368553.3848571133
126,12639348.965381203
127,930879.4284344836
128,13820.033367008053
129,5721.1716749330835
130,62098.55772443689
131,1057326.348841199
132,10380.778787891222
133,821057.2529603725
134,272.47719228593
135,618475.8287332534
136,20.668557153284144
137,399107.0892679969
138,11957044.146278806
139,309253.98691328795
140,387234.97441373026
141,1441808.6381214526
142,152.2013296620775
143,8254.562104871191
144,2021.5068783430927
145,2785200.435909017
146,2366829.9279545355
147,2598492.452775637
148,1568.401778902861
149,5240036.128947893
150,239269.87221676245
151,3382457.01299654
152,182108805.4733389
153,56509.5212751698
154,775982.2149826454
155,27288889.62449855
156,82757585.77473317
157,309026.68132278556
158,206721.77095527493
159,314.3598500986131
160,2669649.3575908607
161,1761287.3654136444
162,105006.75662628369
163,1822818.5379519495
164,2987445.6288635125
165,9133992.978708215
166,15756558.632856268
167,28571740.57946684
168,17075126.8491582
169,25.99122794175828
170,40401.982721694134
171,765324.1091139513
172,340501.3735473747
173,2417356.0681030727
174,989827.9384601717
175,785.4283580881335
176,122.83166705170869
177,14356063.038965913
178,61071.41722309228
179,1383700.7082407358
180,10641531.43497263
181,2524634.1329247584
182,498.34863194479817
183,166230.80100574388
184,39686096.06893923
185,69975908.41795912
186,1097962.7971795334
187,3280973.2709172997
188,30395.884269910264
189,27511.402734120264
190,78309382.27659416
191,7406942.649402852
192,5683651.197466853
193,10.81376948467113
194,52.062704344807976
195,451546.8355029429
196,30716973.046130348
197,31068.01334692529
198,62.28386622136931
199,190005.27060026617
200,2.975044023627877
201,8753476.63999872
202,2505285.9097850486
203,830158.2656209521
204,55963804.02270257
205,34590606.419519946
206,115.23153749994836
207,520.3627363578797
208,11329860.798181586
209,14605854.265509654
210,16591.743972539738
211,5659554.753100796
212,39.60495055455239
213,485764.9336072005
214,25486.168942232456
215,353.1629379728735
216,568.4574715584606
217,820056.3793586979
218,14023424.953942114
219,6098.460872071552
220,222.7387723778846
221,118.84125834093547
222,2451.4331717820232
223,3311045.198567127
224,193834.1077350514
225,31863989.547400374
226,177742.11546790975
227,560.9623213674162
228,198.6880736662844
229,13568657.379202452
230,1826237.6479195836
231,1774239.8524486774
232,537.2398613709255
233,597207.6879533903
234,2251082.2392181586
235,10496.725458418292
236,965835.9946482074
237,63151561.05318863
238,26903.514484335145
239,5461422.436919191
240,13410.28868945123
241,37107047.69514121
242,8.464843083094669
243,16406.828826521898
244,1793631.0036883561
245,379539.8866472599
246,1438151.6165816819
247,1777598.356300003
248,2558833.640031285
249,1632.7597221147644
250,24611.276389619543
251,113751.36797036741
252,68.50758345848617
253,1914388.100657282
254,1394885.734433025
255,3844232.6858823355
256,58.079783682027745
257,24110488.25808121
258,42174378.74212136
259,2165505.3918678174
260,220529.60578292445
261,875428.1975850998
262,437185.3166054141
263,2556.9526196736415
264,672470.5311462347
265,560905.9381119321
266,207527809.30952224
267,9183464.752010461
268,300641.60817909084
269,16.76895558237655
270,2972709.7667238796
271,1843649.4054793136
272,1166321.2469779677
273,17187857.705264963
274,42093.74919152455
275,75494634.35549751
276,3564126.6253758473
277,1421194.6802229628
278,183.68818435122137
279,12667683.051965302
280,21.47824244469698
281,1084208.07897946
282,71.51631420196387
283,106.18041495064276
284,1241461.9934872491
285,13909146.10220174
286,12491.624321318688
287,865751.6257798224
288,130405.51699712008
289,1093298.4831089948
290,531141.6792271395
291,26.577894637161812
292,42213088.73453893
293,2890278.665863307
294,2197.001021738064
295,61.81508417368143
296,581102.9087338526
297,1821675.0458734238
298,1593871.1368239957
299,138.48061374430966
300,22002355.63604134
301,27.915242049022673
302,133094.2584331127
303,394828.81909284537
304,135173.55741657168
305,9147.447205666056
306,129.85827117920667
307,21195206.0318148
308,2067299.592550693
309,1750955.7512571153
310,2276299.1980642495
311,256.81514169146095
312,9.541789418102379
313,500131.00393294316
314,1182814.1388125066
315,31415131.09053282
316,181.84003721201475
317,656537.6602695852
318,23.871092752124277
319,4589.985031467824
320,3.7013286850129408
321,516253.96078927245
322,12728401.457261182
323,193355.37190232347
324,41.23756540980903
325,332110.0105159542
326,113046.58476901849
327,86.71976001429799
328,7.872648575282204
329,126.34309451774287
330,1108382.3949639236
331,902468.1860478789
332,114323.41560733241
333,375694.1593616329
334,436639.05977319396
335,22.93358006389144
336,58836.19313659586
337,206853.30866394105
338,2533094.413912513
339,17.411215254691474
340,1177213.288490642
341,658686.8943435395
342,173439967.1463803
343,86.63705571771804
344,24.05630855442873
345,88.52018373561896
346,1157201.822072575
347,23984.318191079212
348,1018731.9769203218
349,8958.653140023198
350,710122.1063220726
351,3038298.9390234044
352,265907.51899756904
353,332811.9800155989
354,688765.1002552555
355,977459.5721860037
356,1398.6653438059932
357,91924245.03804457
358,915141.7929094326
359,4866665.969933966
360,164388.34705664343
361,654394.1907874657
362,610765.7383198964
363,224390208.09637052
364,1525826.2828635953
365,1304101.8491514686
366,576418.5411177247
367,78853903.54421194
368,8152106.255799522
369,31202777.926953133
370,742568.8725609689
371,52.92921827970682
372,4769.557680356139
373,182910.22124681037
374,128139.73864407741
375,5369428.481396727
376,4978.472609068383
377,2582855.6973632043
378,30716973.046130348
379,2.7973674397699853
380,845.3041493771211
381,78.88209380715085
382,5744295.550142122
383,9895037.683137884
384,8276480.496962079
385,35.770205465136215
386,39334619.22258797
387,1286375.25771632
388,1826237.6479195836
389,656.6932073049893
390,972136.4677167736
391,16701293.076192144
392,6505577.42969442
393,1343.742206051493
394,31564384.74870165
395,4.739090599336702
396,1407.2054103913736
397,32377.054901865016
398,1014445.8470430806
399,56596170.041880056
400,835862.182207524
401,1704.1173530142603
402,404193.84205438313
403,16800.903864342563
404,71.6337542528143
405,440507.4850445518
406,12374944.56987568
407,19520.900472863996
408,13415105.91739691
409,10436.515725117268
410,4595931.574219631
411,789.7272265560872
412,581102.9087338526
413,116.364133643499
414,656987.3706078538
415,160108.0904044339
416,314686.5287171476
417,6167080.2154465215
418,23310947.781303853
419,549208.9269216802
420,2968095.142104347
421,312766.3151227289
422,27606.728806706527
423,22.350601795915903
424,872421.1507773307
425,4239425.149426925
426,28288.12574457309
427,63.206046865214056
428,27503.74262062359
429,266.09217049000335
430,2734.7439398163438
431,2340442.6575654075
432,14.857356794503467
433,18114.450952726333
434,40441.68846292069
435,2830955.592817018
436,9002491.51845958
437,314144.9993197109
438,5558442.360301069
439,10678414.16234029
440,356.63464179543723
441,64596.119258151615
442,14.390699178802024
443,118.59710072105776
444,5170548.936028724
445,1018693.1161206698
446,488983.63655019435
447,703074.2157591067
448,3867708.7534602294
449,589233.1500084831
450,13.32316489932896
451,861.2092426382994
452,8615235.624083556
453,51657362.01832162
454,1699.0373360002545
455,3153193.5269276313
456,11194511.181572773
457,32203.221636275182
458,1462569.551909216
459,45927.67827921792
460,448816.3266242806
461,1998681.890479073
462,250604.45240282276
463,1192176.3331271296
464,446097.22395724314
465,11441.966904572866
466,1842524.4745205836
467,6.976244425610004
468,5.40215966164818
469,10.849490063640264
470,2941390.4427473787
471,871910.4488484444
472,24228.211990656946
473,3.2210485418081185
474,5170548.936028724
475,29.22251406131866
476,3310716.8183404226
477,4879757.84853107
478,561460.3907324839
479,5678877.8727283655
480,292.05923859550387
481,2662395.560647629
482,6237.356710791574
483,4523603.934810057
484,435265.8167151108
485,2012754.3158946827
486,835.0275145821229
487,220314.34996226523
488,14.398276843366748
489,13828.233641272811
490,1701.55070198379
491,67.1482580062291
492,312097.69677386846
493,42.48139071142321
494,441.4642092607951
495,1186367.0855540484
496,652185.5665065662
497,75431.3320480298
498,82.41464825681281
499,14324.367789296097
500,17515495.365679823
501,43341.56936790783
502,339.36604245893847
503,200.17613896674405
504,17249008.61630402
505,84027.11673924534
506,3846.9517255026417
507,1894.1202140834546
508,72.77490313422278
509,704737.6890202186
510,16.877411552219083
511,10.12714217946527
512,5446489.52043747
513,2524634.1329247584
514,2964010.5744140074
515,1461947.596691563
516,1197656.4727733654
517,2273476.67606637
518,17091777.322418652
519,235078.95958470463
520,822.3117485622412
521,865.0273423001295
522,5686.581107525046
523,4.0806938977302645
524,511213.55313774623
525,6184.439394796219
526,32.417077881105925
527,61586.105651077276
528,2042951.7839066254
529,6538.51425480835
530,163432.93799647465
531,18035444.211915635
532,30716973.046130348
533,427281.9892093911
534,595385.0938400836
535,39585624.514904164
536,2.616992978258824
537,325237.2949674605
538,27792371.666010227
539,2665728.8900235067
540,26.399535732375863
541,121874876.98223875
542,47150253.57454264
543,1108222.7940466022
544,12.856833325728356
545,485.8068139842838
546,189711.58629932764
547,1255206.2253838289
548,745291.0940889247
549,680.9452087442124
550,746.9667550125721
551,22413.60971175053
552,5375038.561325417
553,231546.76833534558
554,18.17515673236625
555,3357972.2050620024
556,41323.224378918654
557,6171386.893053408
558,276125.8825296041
559,202125.5437634635
560,541.393590187088
561,62627.3970952088
562,72235.50190515371
563,5659554.753100796
564,3984793.858571824
565,25371.97093551406
566,12056917.00314935
567,9373688.30417537
568,14.359247220044578
569,3984793.858571824
570,12538764.405156748
571,9.46056007706342
572,198286.9821255421
573,881272.5311218144
574,184149.58807980924
575,1036346.9105839322
576,19291756.64981454
577,533284.0776095785
578,65416.23656122831
579,2160.837736543062
580,26.47866442107556
581,724570.8084535776
582,1239679.0617175908
583,1489498.6684323596
584,235456.5722375076
585,3497757.7390440484
586,25083042.05480759
587,993875.4538698402
588,10231987.06337687
589,1576.2884096146554
590,4826610.9526130995
591,1197656.4727733654
592,24550.046060182358
593,11473344.496909272
594,18.731150509505156
595,101625.60773722915
596,92922.12178690247
597,2049704.0729234181
598,234132.55131314698
599,106.10065083627829
600,37.724637532394254
601,2827051.6625347785
602,1872896.9828388558
603,3538100.6756604235
604,357742.2708688055
605,1651179.417639149
606,49337324.250977956
607,8152106.255799522
608,11192418.89723541
609,565105.2008697621
610,9932.263364345186
611,45868568.791152254
612,39242.68633694082
613,42.01675976148563
614,1274.9636056509812
615,1327110.4688157942
616,97530.90448177051
617,15.699838518643137
618,28094.95384202685
619,5096342.190090846
620,57789.00623413577
621,14884.690691384923
622,108991.1441544414
623,45.1494459409878
624,81426.49712606521
625,898642.9331034196
626,9850822.288428532
627,190707.45869491677
628,2183624.3104631277
629,248940.14519507825
630,940038.7854290885
631,20.39644444597843
632,7645957.052962587
633,50.943806417533665
634,681.3953916597645
635,43182421.52579745
636,107395742.46625829
637,485359.2859636979
638,11682.158281441032
639,1185601.3696744137
640,28234.51804003922
641,3542665.5305610457
642,4432.191166164351
643,285358.21059398795
644,11932142.878310481
645,1319051.451667047
646,610765.7383198964
647,51942.519405376916
648,1727716.8642610752
649,5.1031677483451725
650,11263.265112275789
651,47.62999389030631
652,4362397.096763082
653,232396.49409600438
654,31068.072604514582
655,68360.22474317976
656,41.24606096150638
657,9265577.169331392
658,114.19471588957603
659,28.889189370457373
660,1291184.6278180075
661,1063864.4222489463
662,382.29598008979053
663,1461677.142667335
664,3923370.7935697534
665,932172.0097102124
666,1565991.1479528297
667,2013280.3309317203
668,344.3866218203341
669,1808.116560171723
670,40317.61244801946
671,206277.09594788155
672,170.5030890498798
673,5366587.252628721
674,35.69458847667957
675,19485274.83173484
676,1261186.5635033061
677,42036.302608990554
678,82042330.31508155
679,1192176.3331271296
680,29.636687961264105
681,12.609933334944978
682,5103973.63146369
683,120.51075318138103
684,3587715.3359034015
685,12176398.304382924
686,45585.914246593726
687,95.79875226247489
688,552388.9802533546
689,411534.66836514714
690,797026.3940988786
691,409025.0488354677
692,32558954.985383064
693,998068.9608730265
694,93.14649684055915
695,72691.60415338581
696,17493226.293912478
697,14425561.990816737
698,1138247.8319790047
699,110586535.47684082
700,6664185.768915692
701,1024441.1306913901
702,367759.1942557344
703,24.549376450989843
704,1392567.6775492807
705,24.42997336058177
706,652109.0683605545
707,2370394.4471945288
708,6962586.271043639
709,698223.1709197352
710,2263032.879222311
711,516253.96078927245
712,1040066.7543499492
713,295216.3489351616
714,16908.5989194649
715,3599.602154332671
716,59200610.560918465
717,40281.831504439666
718,313.27406634175003
719,18542335.719789766
720,915313.740264214
721,893741.381656018
722,35740605.859380074
723,100.11179178173543
724,47910761.00320025
725,14331932.402739078
726,10477269.174294217
727,2599362.416918545
728,78960309.40477645
729,1329028.0184121197
730,1568701.1068123078
731,1261964.990152124
732,78.88209380715085
733,1727716.8642610752
734,6125.944800575785
735,411191.0081770757
736,840252.3628626763
737,1554441.822906042
738,19791.998674265713
739,210.23071413764194
740,1228524.1854368201
741,1589916.3628395793
742,9614812.73239228
743,33039844.245294433
744,16188652.482150301
745,18185359.325086728
746,3459.033809097826
747,155.3130966687446
748,2997016.642000957
749,12037.86087160957
750,408779.37433447846
751,28.915546914040856
752,1325693.718667256
753,612.2390684038853
754,16733976.5826662
755,354.88701421294644
756,2002.1518880712806
757,136981.53747877773
758,4562362.480935948
759,272.47719228593
760,357045.5994095056
761,1980347.9341917364
762,452451.63026557124
763,1727716.8642610752
764,14.023031085971521
765,2869102.1439474956
766,20825.877578064454
767,73.07053650498291
768,138142.29321333248
769,4756.0130099390835
770,258968.64725209307
771,5491578.79626693
772,18072358.609287802
773,7.672695514816962
774,30716973.046130348
775,3.6527045051947176
776,77877.23132955428
777,3689404.0333101773
778,7482491.349493277
779,1597.4783000689579
780,4115337.0035017757
781,69.8515129925502
782,2051237.170087926
783,41723599.152584836
784,58761198.73387649
785,1513942.1018385796
786,624393.3564276512
787,1716110.2292932305
788,701833.5386480609
789,1850575.787753418
790,126470480.79147579
791,82.04055415684827
792,2985286.829212333
793,27467.281418371716
794,263150.68699568225
795,506174.5650377167
796,120818.47445255643
797,652.0956351015955
798,380092.635815984
799,161523.49507730818
800,255220.09095070924
801,13243.996431329042
802,103171.94660229898
803,3361.7288105498537
804,529407.098679526
805,1215066.3221033986
806,464306.3216828661
807,6021537.571313178
808,60.68052269502411
809,1059206.5653356945
810,1116495.0938779246
811,337195.88577513344
812,23555159.064092048
813,98689753.45411164
814,252208.68102344952
815,2505285.9097850486
816,47.70187398650993
817,8942.38375805498
818,1194891.040134925
819,5969.542575224561
820,897485.8545242765
821,2106584.231879653
822,270350.0803299748
823,8067934.42744213
824,14.251640659295157
825,59906789.25273474
826,43990130.53043618
827,2242954.1391108455
828,3328280.194528901
829,41585.96768309966
830,4508.32098751631
831,3839594.1458112057
832,1760217.724932857
833,145423.7688484294
834,31713924.083365135
835,16.91176621486043
836,3293943.4300229945
837,13326433.288007589
838,13072615.719578082
839,131092.6933773384
840,36664.12037224522
841,29072429.030539133
842,24032.23966850817
843,14473.701838546707
844,637760.9729330658
845,366180.48332806176
846,590.2963926118811
847,1382127.3208645266
848,17187857.705264963
849,5248238.093430371
850,750400.4483609597
851,83.53632144631165
852,8999006.502540268
853,192455.58116222304
854,466095.5606917499
855,430660.72008075396
856,35154165.56213172
857,23454.431029925458
858,3332663.3297221097
859,168228.2958853356
860,62483717.760932416
861,1.6851647631881967
862,6.880276520291862
863,116769469.62340972
864,73394712.72533363
865,46685.29274308287
866,269723.7742608049
867,161295.98314216328
868,9614812.73239228
869,11718507.559626885
870,20470151.90144159
871,69818.21983293809
872,3322568.555289709
873,1920028.6871563846
874,1238936.830952215
875,10321919.238373289
876,872611.7008764368
877,109849492.255167
878,662799.1332174757
879,232472.5258154066
880,23310947.781303853
881,4490.1665813272275
882,8286.442797843587
883,52631.992953597786
884,2019112.1628192042
885,1019996.73298537
886,1421185.1927565746
887,13749433.46539029
888,1643099.0617500844
889,303694.16440535674
890,22.11383270952186
891,287311.20005143207
892,1687778.0428414957
893,27103.146044479214
894,52.62469776390505
895,7972176.085733846
896,5643.64626734153
897,3038629.2774137505
898,3197206.352083634
899,83.88471027451422
900,4037702.536107079
901,15.661406226349767
902,111913.18821524477
903,292.8249430381421
904,60220.540410936715
905,1149.6563179717
906,475977.034670486
907,4657874.144177159
908,1435155.210144721
909,10903.152963808217
910,60.03901164272273
911,67875776.3139732
912,178.27999703030866
913,62216022.634933315
914,765716.8798973844
915,519.8106958184638
916,447481.1676558234
917,72.56917002902607
918,3886959.0116478154
919,2791.924408399193
920,2198.1673230488245
921,322143.26746131125
922,1701417.806930638
923,142709.51977696092
924,2754713.612537943
925,5834209.751292832
926,966981.5920960741
927,41207.17080960581
928,163.92321814316944
929,3521699.7253828775
930,1253900.9143512957
931,940038.7854290885
932,46.34806274239478
933,2447344.381190452
934,250.12701317639198
935,292663910.7066276
936,125859.90348626666
937,372.41085439121633
938,1634083.968322759
939,37670771.70194033
940,303724.8662415583
941,301.47463248691685
942,469.37073536643385
943,276646.7214302579
944,334.755770355656
945,179.11248753624608
946,26.399535732375863
947,27231954.978712913
948,751724.8296740036
949,2187476.101592557
950,3923367.051953578
951,16.941504723248705
952,1304076.9756198917
953,737742.8725643092
954,171626.48410528636
955,135.10343476140224
956,27433.929456258284
957,304.2102511769569
958,565500.9112676842
959,1317.7122934330941
960,2110022.416508506
961,35319.546348948665
962,409448.1106000956
963,949.2066999876847
964,2505285.9097850486
965,171.6137832395972
966,5770557.569765972
967,1905468.4783936322
968,7527726.166770171
969,40.91871054777109
970,1882423.3602164767
971,425611.70973345166
972,1123028.4142829769
973,9662022.29410183
974,22833970.475531068
975,7897.249923834017
976,1055.6773780295189
977,353182.17011226964
978,7.053010970664849
979,29350.043093516168
980,4943413.237571563
981,3984155.4768591546
982,2961402.6775717917
983,683143.1360935082
984,7436585.046020395
985,57556.68185915064
986,905641.8454635814
987,136.4882847302929
988,354617.2396572714
989,3462930.5577954496
990,641.9013450390089
991,5868198.306749703
992,2669649.3575908607
993,4061926.207074323
994,4289827.695397089
995,485663.0267590099
996,112882.50989476906
997,32.67128143740002
998,1977164.415832356
999,47582.24823799109
1000,1189755.9573203588
1001,11368261.859408485
1002,1703599.97745318
1003,1821.102525802154
1004,2226189.2189335413
1005,11584634.020143
1006,4749058.543301199
1007,3755.093032555425
1008,239320.0783004071
1009,1664239.2875301694
1010,550.9465937534401
1011,116.364133643499
1012,619034.6448509351
1013,9987721.688735874
1014,16116.612605587492
1015,4242.047458965613
1016,1106.683350089358
1017,180982.97707773373
1018,61884.603459353784
1019,890649.3456887179
1020,1746934.388279644
1021,1271.8789570675026
1022,4227192.448377787
1023,197299.12804884178
1024,75055.5375905429
1025,2190766.3298511766
1026,12.825782528852
1027,1051461.001505824
1028,180.64489590234564
1029,659732.3744920965
1030,33515.09345688561
1031,3187342.5358515936
1032,680712.8285405623
1033,24716029.78347572
1034,6773.51228052016
1035,884665.2057530731
1036,240869.06869872432
1037,175415.8872816859
1038,5752447.393161455
1039,9.490953020341342
1040,10321919.238373289
1041,123790.04217613343
1042,1397850.0534376262
1043,1229600.1961590645
1044,438502.7192872003
1045,8243419.50389172
1046,3984793.858571824
1047,1379496.2658638174
1048,104.32479881729364
1049,3184762.8863040814
1050,943.3134395929465
1051,45.11365751621376
1052,231296.71415966036
1053,23406157.20354281
1054,6777515.912476901
1055,233679.27309120249
1056,2139250.0493468395
1057,4666357.377072934
1058,519.2409186936209
1059,2160643.2130803536
1060,734321.6472304766
1061,145388.82394551756
1062,11905522.114434177
1063,3912292.566344338
1064,957.7290370444679
1065,439933.162041556
1066,3943714.148054798
1067,155682.80936020453
1068,13762.163699470057
1069,76825.17042008466
1070,107903.0377398026
1071,1193.8993703790752
1072,3835048.979010408
1073,100015.89592835536
1074,267.34962088525026
1075,7354665.083309515
1076,383129.63850496063
1077,102173.69643293874
1078,52566410.528839774
1079,171893.647010449
1080,26993299.949723724
1081,4115980.703196002
1082,3896831.864272031
1083,182910.22124681037
1084,636445.5431848257
1085,90.1962144040954
1086,20022905.8051392
1087,6.093154093086206
1088,24584.182145204868
1089,2.4722241894418597
1090,3585957.1097170226
1091,4841460.058562635
1092,25.246698447269022
1093,4702467.222352428
1094,30716973.046130348
1095,23949.621751276805
1096,99214.94959285182
1097,709714.5337503913
1098,1574.3736612726232
1099,75899.79524965436
1100,2227875.566547205
1101,186817.76619902824
1102,1462720.1996891068
1103,9961752.167754773
1104,1059526.8275200378
1105,990917.8835131997
1106,916.1542151383566
1107,13164118.240215925
1108,182.87531967511865
1109,2912.659613859063
1110,100.11179178173543
1111,487502.02006511454
1112,582909.5768237193
1113,1253900.9143512957
1114,396318.1935951501
1115,995842.2562139693
1116,5684133.629283418
1117,3984793.858571824
1118,40221.60226782648
1119,1719573.5132954228
1120,2171.079055933634
1121,1338792.7377435858
1122,178650.96043398514
1123,299.0345561891652
1124,442355.171116236
1125,76498703.23940317
1126,1563515.4807555957
1127,669163.7162936927
1128,59.49042823957376
1129,3321709.962556176
1130,49689.83765666968
1131,207094.11896511988
1132,158801.6812729222
1133,26388578.680143464
1134,14811236.634721655
1135,3700084.0043599564
1136,63.2659312536067
1137,24.325959101763853
1138,101496.20809941231
1139,14685495.065183878
1140,759.8420047820266
1141,447471.7792257856
1142,2088580.6479098743
1143,519.8106958184638
1144,1563515.4807555957
1145,1597765.6540044914
1146,3566714.2154225693
1147,903521.3881996145
1148,521.4071625504588
1149,34293936.770688824
1150,7378748.266588973
1151,210115.38301624535
1152,723214.9456502235
1153,29427976.452576913
1154,1503.9012332123564
1155,549208.9269216802
1156,32507265.69397814
1157,181134.23681518759
1158,424899.14944695565
1159,1576344.9343020627
1160,12604056.522741036
1161,13690370.94354368
1162,11260167.699793184
1163,2193762.3113369984
1164,1113.8893391590639
1165,4848.781039300135
1166,943.8439110270102
1167,18748064.994021628
1168,15180502.936998522
1169,46.66290991269651
1170,11.849303129651275
1171,187.66648050744627
1172,138.0693795950624
1173,361117.9361916628
1174,28870.332834724984
1175,103200937.14380084
1176,401173.8502526354
1177,5962.112146218085
1178,1454908.4408515159
1179,298.7431001548968
1180,5125968.574285309
1181,1417633.2062569247
1182,10487025.811118124
1183,2875972.719322111
1184,47.70187398650993
1185,2287685.4581829403
1186,3602633.2635823837
1187,14605854.265509654
1188,274538.60720514425
1189,731619.95566002
1190,230245.61136127845
1191,40532719.17050283
1192,22123592.95025275
1193,32907.65707719985
1194,913.9890962355611
1195,2629812.2648220547
1196,9005995.061565636
1197,28654476.48475444
1198,3495753.544705026
1199,23927.65961336679
1200,11.062145103243596
1201,4.899922221078594
1202,10905.024774713338
1203,3310716.8183404226
1204,7856.887187375634
1205,1826237.6479195836
1206,29167294.218502562
1207,159.7132457826585
1208,61.700412179326385
1209,5257465.608289665
1210,2950923.6593688177
1211,681184.9448399943
1212,4808.570550617319
1213,2223358.8583614244
1214,2248436.791331971
1215,4864953.663144784
1216,3681741.6931956536
1217,6098.460872071552
1218,352876.13270674564
1219,82569.51916424985
1220,1592.235507180199
1221,43.84979586039923
1222,154.805438673112
1223,1961278.5342938437
1224,6113161.501357227
1225,326513.0402205436
1226,25011.557952756615
1227,7481984.7205981985
1228,219764.1346295849
1229,9545686.741495961
1230,2779.944581204567
1231,227589.2127665802
1232,2336571.0764936567
1233,1305263.9716468763
1234,24918576.18929561
1235,18.62911226286826
1236,2662395.560647629
1237,32429854.650829587
1238,55.15038067553257
1239,6208731.057242476
1240,1843649.4054793136
1241,1097962.7971795334
1242,237.60625434092384
1243,4702.527314045929
1244,1237628.3735817897
1245,287.8565409978827
1246,10731910.459961435
1247,157.7152221997765
1248,38511.750493598935
1249,3687546.738309569
1250,220.24416389257993
1251,1109852.6490321269
1252,326169.13870984013
1253,20876079.344091356
1254,34591.47729891616
1255,3495753.544705026
1256,6787.434355720404
1257,11223501.74456709
1258,6.381210365986596
1259,32.67128143740002
1260,2379302.020086344
1261,2923101.9943149514
1262,4203.471778152216
1263,17955.220316434046
1264,379626.7663755438
1265,28338.402771889854
1266,5.052155540656122
1267,44.20934261611036
1268,4516547.353001737
1269,14.244011117854894
1270,222705.87103640006
1271,6443701.259480971
1272,1182814.1388125066
1273,1115612.746149672
1274,1727716.8642610752
1275,112.73806720408757
1276,36552.88894399325
1277,599725.2275999105
1278,5435157.243168025
1279,3940086.434362572
1280,3523208.0392952734
1281,10614610.980913095
1282,1041007.4864694702
1283,1160777.4603815835
1284,1904505.6076896328
1285,1072664.563110579
1286,84999977.07934628
1287,159.43467745517165
1288,754543.9376875687
1289,24607042.573531915
1290,18012445.368858613
1291,16303738.307833105
1292,157286.47878229877
1293,300777.2545782362
1294,72820.9392275416
1295,4018751.875252403
1296,3314.572284241555
1297,2368369.8287916025
1298,795380.1918929418
1299,3141697.2667921023
1300,21083.346588880548
1301,111214.59686387
1302,15917589.812815312
1303,3984793.858571824
1304,1651179.417639149
1305,1276208.8093232235
1306,444933.91206365125
1307,19952758.151384603
1308,21.94346266947232
1309,3984793.858571824
1310,1244320.9688316223
1311,130881.58019789115
1312,969010.6817661662
1313,144320.6973296306
1314,1770933.2935236448
1315,168373969.8252998
1316,184.48812288889417
1317,67.02669679160813
1318,29.342672735512636
1319,1185272.3881513295
1320,2973.8947464050257
1321,22526.626941044364
1322,3474710.7802405404
1323,5256563.181962151
1324,28984.433769915155
1325,9898152.26549965
1326,440461.6964509274
1327,2000896.0883813105
1328,612885.5277307304
1329,54347.42241840013
1330,23337.493409074377
1331,9009053.188547103
1332,667145.6991439807
1333,39982331.88684564
1334,141767250.43114728
1335,1504.7727815850374
1336,6152623.096490235
1337,13164118.240215925
1338,4024.579316735514
1339,227966.75148795618
1340,20198508.206313048
1341,29.67493934447778
1342,10484865.772853792
1343,4692204.168651608
1344,670.6112957888369
1345,20.711794201389313
1346,1557.6358841285276
1347,75791846.71785419
1348,244.71468557213734
1349,77164.03906413668
1350,200.22291562762956
1351,3968297.249501951
1352,1390968.2892022235
1353,590828.9590395901
1354,3024211.9475315963
1355,267777.436392512
1356,3797337.7650131807
1357,3737.5222439900976
1358,410353.46208175406
1359,8466378.660015658
1360,17.480127643668496
1361,10263.322941167886
1362,24.6113737812976
1363,947622.1450441099
1364,575.4792383723183
1365,248843.53896104847
1366,69159.17374623768
1367,696896.6728260743
1368,681977.9529518051
1369,3696549.9607288563
1370,3038298.9390234044
1371,46107.961790298
1372,222.67144533724075
1373,61419681.69327045
1374,28204.537808610232
1375,4397.057949788231
1376,136479.64209953987
1377,80.43241901051346
1378,14512909.004818957
1379,14768865.568511631
1380,8338355.491807709
1381,414.0248984202653
1382,46516927.81118596
1383,581102.9087338526
1384,6098.460872071552
1385,447923.92765040346
1386,109.49532382683243
1387,15733284.569709497
1388,285955.3627778919
1389,6174112.478092533
1390,5850278.229922379
1391,145717.6656224443
1392,1965.9131052621153
1393,17757286.88820446
1394,46908.7503098868
1395,95.87068020869614
1396,114665.72767123343
1397,327291.18819626473
1398,141.3750788909299
1399,297.59160784593325
1400,219568.26148202718
1401,51828.36490749552
1402,200549.5301363903
1403,190960.97587018966
1404,1727716.8642610752
1405,28167163.708273392
1406,631299.3957492413
1407,29458.369357113974
1408,3623417.3637260417
1409,218.67718630222194
1410,693854.0920643769
1411,944655.3580243317
1412,73465.53942814213
1413,3984793.858571824
1414,79881.95668959871
1415,22002355.63604134
1416,8892587.363665933
1417,571752.8503426265
1418,333116.8180060959
1419,43799494.218570895
1420,49325.628547581175
1421,90.72357701425244
1422,735866.7398189467
1423,2681734.3711019326
1424,4776784.51731036
1425,800360.3210149566
1426,225458.95465737846
1427,61719.51531561422
1428,159891.87342076478
1429,20578.32228613248
1430,1001203.4987897482
1431,98807.03744627586
1432,732672.1864369559
1433,19.495880000865654
1434,199604.0777145667
1435,128021.62225650254
1436,847581.831296642
1437,175.45242704320694
1438,275.5012765804469
1439,3091.0771765600803
1440,202821.839895725
1441,810861.1638010062
1442,6126637.722913354
1443,478478.8236860836
1444,31415131.09053282
1445,10.234917793957365
1446,15995868.593187021
1447,1440.501452648729
1448,36180601.423591964
1449,790735.650368388
1450,530.6753133217599
1451,12.57533464519545
1452,59465.84462416885
1453,1060430.5492245234
1454,357619.4708884021
1455,1052687.0779476278
1456,68659.20159361143
1457,9306544.392975934
1458,850.1386680811504
1459,3984793.858571824
1460,14988027.873033699
1461,240041.69694382904
1462,235580.1065198948
1463,4191325.2340020663
1464,2558833.640031285
1465,1297340.0941150086
1466,2016370.0815045787
1467,9019.957492953512
1468,1009.7158180387228
1469,508609.47843791574
1470,7369901.125938046
1471,702520.5976828461
1472,916468.4566336207
1473,717.2439989684842
1474,22505.06826597755
1475,20198508.206313048
1476,30134805.97192854
1477,70361.11364999517
1478,1441808.6381214526
1479,6410871.525563166
1480,414101.9400610362
1481,911955.7154027453
1482,853467.3195140405
1483,1543196.9439735876
1484,185124.9140031693
1485,434140.6870468982
1486,1773074.4150162237
1487,11972722.310955329
1488,1712533.0594963327
1489,128.34017461341207
1490,1285.917625664806
1491,18.344987119243818
1492,683188.7423401965
1493,1032.4206843346756
1494,76114.28106342239
1495,199489.70576760886
1496,175390.6283668474
1497,1959248.3086493267
1498,15.162688983043958
1499,375.74159972552144
1500,45309.52111686843
1501,10.73398881464193
1502,16103.614830065291
1503,11090.918220588199
1504,47.70187398650993
1505,17879636.072809998
1506,519.3726550718806
1507,49168.48161071395
1508,29474.443331733888
1509,28277083.262614395
1510,37006399.30756355
1511,6121.804111847418
1512,164.51858277990706
1513,13.34372628663065
1514,1563515.4807555957
1515,59881.679446546084
1516,32.27853401357665
1517,39482.071098203654
1518,453418.77192238334
1519,6639743.105590643
1520,27864.489393758668
1521,47832.57398806527
1522,8962315.696499104
1523,74.37977581194667
1524,1248088.4266822143
1525,1443722.5543755705
1526,1347269.1373947852
1527,528880.7686116161
1528,13668193.462224962
1529,76542.51783030244
1530,1852064.1516396748
1531,8787.5389931308
1532,4.579089731698362
1533,2752426.3588532894
1534,2.0557912404718
1535,69.30789115724103
1536,37807320.4925723
1537,1477356.3086552734
1538,8034.069736522715
1539,236871.42227546696
1540,129785.4227670024
1541,2558833.640031285
1542,567062.7303324322
1543,759308.9283833831
1544,15641.298282702915
1545,156142.7071755917
1546,8853.800368880948
1547,19069.66314724108
1548,2312.7431140685753
1549,873671.7187101935
1550,18962911.544376384
1551,30716973.046130348
1552,7712218.30078374
1553,35.770205465136215
1554,310.07287371219485
1555,417643.62085855147
1556,210.03101912951576
1557,402.1814759617662
1558,230503.98150536756
1559,23472636.619136117
1560,389.2738145716347
1561,11932142.878310481
1562,13568657.379202452
1563,465546.03422954533
1564,26366642.954638407
1565,630544.2699350929
1566,646256.6703441326
1567,9422013.939694295
1568,67.62258676156632
1569,18287936.023774244
1570,7054393.868173035
1571,1989995.6999887594
1572,34.14588334975476
1573,1054354.9060129663
1574,543956.212606827
1575,280756.56700008886
1576,16397.30270941459
1577,31415131.09053282
1578,396729.2474869319
1579,4055.181405921246
1580,2662395.560647629
1581,10321919.238373289
1582,1965298.4421608709
1583,6220098.1339933565
1584,16326.305383897554
1585,311638.77667419845
1586,12738.667686968864
1587,691607.2592525245
1588,2560.1832328903542
1589,21032189.096167807
1590,34965521.952845715
1591,155.11984879831977
1592,4.336445325620423
1593,310.07287371219485
1594,247096.41276044166
1595,185.41422085311677
1596,14412168.613708522
1597,24802166.69608755
1598,93110.44719633259
1599,4477.005429617303
1600,1500.66622178174
1601,2153909.5477472222
1602,12.456496669624878
1603,396318.1935951501
1604,15467751.76520854
1605,896.285303551941
1606,3922282.1338125137
1607,2311548.2074993677
1608,755172.4006159634
1609,5506834.898312665
1610,407.46631521368465
1611,78797.47787061987
1612,642515.3953694223
1613,31415131.09053282
1614,428541.34900564584
1615,58185.67904253331
1616,8913168.195314724
1617,3681741.6931956536
1618,114.78453636272683
1619,12155189.478697985
1620,1709623.540421194
1621,3984793.858571824
1622,3984793.858571824
1623,825350.783013057
1624,116401.3823707798
1625,7479173.910303465
1626,20141.78969108825
1627,1392.4433762747162
1628,75.98553864769619
1629,2715282.058646979
1630,106717.24865348026
1631,85444546.39483818
1632,579.7378437597998
1633,145388.82394551756
1634,24562729.69376656
1635,163.92954960464294
1636,31.51894966344136
1637,213336.7157861331
1638,1543196.9439735876
1639,305698.29411725356
1640,10.287492145363487
1641,1989638.944106932
1642,10113012.269194534
1643,273672.5650190289
1644,198160.13580870084
1645,18.8820399413471
1646,820.8630079189866
1647,2889.8043293972173
1648,199.3790879782245
1649,29.076097330154106
1650,120701.0056900061
1651,2128084.995996147
1652,80607246.13336606
1653,58813.58492318335
1654,111273.37101631028
1655,3984793.858571824
1656,16350793.517408755
1657,13683505.12813699
1658,47951.59894485579
1659,41.775490599556136
1660,3043.1370538124206
1661,2187476.101592557
1662,1827661.1189610336
1663,225741.87597854377
1664,2597149.6612359225
1665,1925359.0279844366
1666,1531272.38717506
1667,2423.3503027185475
1668,31.895655720543278
1669,143.0535686135682
1670,266812.0851363737
1671,13749433.46539029
1672,18751.09402365242
1673,2669649.3575908607
1674,6813477.1802684
1675,2354557.9384652143
1676,29775091.29184345
1677,30300045.580344763
1678,3.8829564203938816
1679,1350.992516941897
1680,87785.13976611702
1681,3984793.858571824
1682,20967.86981536854
1683,14126862.922228005
1684,27605717.852042537
1685,4540624.584698832
1686,821964.4923916337
1687,2646528.2152469894
1688,1600182.6209437882
1689,116478292.67272489
1690,4511454.672421957
1691,5045602.711921858
1692,713338.0595725373
1693,173373.71836519125
1694,400.82982038362894
1695,2029.914356630121
1696,112499.27078987121
1697,110542249.66040218
1698,1839285.3495678392
1699,8125940.651749369
1700,126843236.58962326
1701,10202969.014948718
1702,1789955.403798872
1703,150.23415500563138
1704,16668609.81878896
1705,2760.795219508803
1706,3848660.2718535652
1707,3445836.175785336
1708,18.203462167265737
1709,171934077.13562632
1710,442.8158315864355
1711,66951.82890439472
1712,1120424.61531077
1713,26723.03412285531
1714,2587.267114601807
1715,2457867.468815046
1716,148369741.81784597
1717,32801051.987506475
1718,21.875080872654117
1719,63420.40243049899
1720,3262.048916104107
1721,3653.2831608335523
1722,247320.14536620205
1723,227490.0443623749
1724,4881498.642659967
1725,12171986.422890736
1726,479777.88171552256
1727,7596308.982123939
1728,7903786.87871741
1729,479909.6747446034
1730,14126862.922228005
1731,3569334.3197951666
1732,860.4679161258274
1733,13782227.49107055
1734,1134586.8532198851
1735,10858.408605148985
1736,55609053.71925473
1737,1541.9294409258173
1738,31751146.95916592
1739,8.01372946475481
1740,253199.17844232605
1741,19373.920193644553
1742,561.9949706590439
1743,942915.5349200539
1744,186084.81862287855
1745,77745.6627425127
1746,4824572.2476960765
1747,142086.73537970497
1748,954711.1236583488
1749,17955.56278834933
1750,1727716.8642610752
1751,18460290.198746502
1752,126480.54013238092
1753,1080807.4883622504
1754,86486.81960695505
1755,3984793.858571824
1756,12.991586655721719
1757,28.393240705435346
1758,10083773.85450841
1759,1.0518947672032453
1760,1653599.9098778525
1761,930355.7998392698
1762,68.77364851658729
1763,638094.3625528611
1764,83547252.49095808
1765,1566814.2526853583
1766,27928301.918355506
1767,38.54192120803869
1768,522047.07178643084
1769,4676.373905914485
1770,10.364226025576091
1771,54.0483948732922
1772,30364.101309923703
1773,1525826.2828635953
1774,9154364.217770513
1775,324834.3232251143
1776,4230902.931571364
1777,26.9906948721977
1778,65.38467069736566
1779,31292953.53280066
1780,18373.690223720478
1781,3984793.858571824
1782,951.672132882485
1783,2662395.560647629
1784,1081823.2426391905
1785,28312.605066837343
1786,25412959.182343222
1787,3923370.7935697534
1788,5153550.129143541
1789,885091.3680209876
1790,165438.14430321677
1791,3540760.54121923
1792,1058323.0631777996
1793,7749575.993138046
1794,135.49213744035487
1795,5404083.987740757
1796,28.61356431851356
1797,5571317.337881913
1798,32747229.415176094
1799,3659233.870699408
1800,59728575.84516139
1801,898094.612336311
1802,26.19257538587107
1803,665352.010007054
1804,2247388.4846188207
1805,39.50435478166763
1806,54314.15790901264
1807,28571740.57946684
1808,305133.8179628151
1809,5251642.67195889
1810,33.171556338170326
1811,39.915490382165906
1812,1542611.3156201951
1813,539861.0743850848
1814,18398599.590552036
1815,19972367.06655523
1816,52584.63134765221
1817,3597373.554947122
1818,9842858.993056282
1819,49515.89742053912
1820,28715.71064636398
1821,367077.67126948934
1822,675338.1885370524
1823,39799.81664007064
1824,120182128.82858281
1825,1353502.2145084077
1826,143514.07932854476
1827,901867.6447597899
1828,68484.40041103409
1829,1116495.0938779246
1830,276636.4322175591
1831,248591.16313058292
1832,28306168.774930213
1833,2662395.560647629
1834,400934.4208918533
1835,13398714.490604239
1836,1850575.787753418
1837,375244.77455330105
1838,133252.75960006058
1839,1369612.2950145933
1840,7384.6996757203015
1841,278504.76210313954
1842,23310947.781303853
1843,339413.9778106049
1844,273413.25941373
1845,34.1891558068156
1846,286951.6614778484
1847,18.257462807260843
1848,6223391.236467273
1849,8.374221109353458
1850,111032.10711670641
1851,1248205.0785812363
1852,1980516.0273449104
1853,770.5589682164373
1854,20506338.329597574
1855,27892049.273037694
1856,738888.463681245
1857,337.2453796197939
1858,614308.664889389
1859,143981358.88493365
1860,488504.0171830848
1861,425.07136012432653
1862,6022772.353830055
1863,528905.4838093505
1864,241.5379712149174
1865,2573772.633591883
1866,7512815.813808542
1867,4497514.775586843
1868,3991270.8498498555
1869,197699.371581234
1870,7237.634279354245
1871,864695.4448376001
1872,128650906.62918888
1873,60717784.767751805
1874,113.22109054298787
1875,500.60910034547584
1876,29691.339628118665
1877,18.595196586535526
1878,10318.645720791454
1879,2662395.560647629
1880,552153.5512028689
1881,158839.5470579042
1882,821964.4923916337
1883,300295.45687756344
1884,35728.79396609006
1885,441657.11773428414
1886,75325.94620383848
1887,220.24416389257993
1888,4957586.163473149
1889,13299847.03557178
1890,3984793.858571824
1891,90531.75599713795
1892,215332.10515510684
1893,174.53854659207266
1894,6831135.155086093
1895,99517.43280568131
1896,36036865.86678055
1897,1519276.2396176015
1898,227637.4020767102
1899,1095083.9147095063
1900,2694398.234259829
1901,6055658.702031195
1902,189388.37150120674
1903,7.391681480729643
1904,0.9961807243632075
1905,3157734.5372145595
1906,1365837.4677305885
1907,2032.6176717015935
1908,91.41141570430541
1909,593883.4471197418
1910,2.245357948747316
1911,21763613.892401587
1912,173443.17594082767
1913,60089.11011894189
1914,1917726.5671713455
1915,5.645037196171076
1916,1239679.0617175908
1917,3430576.0658665546
1918,184.5978550878421
1919,17221.450680615486
1920,181270.7552602966
1921,300777.2545782362
1922,144.39929443180887
1923,313.39463977648364
1924,1375412.1536956085
1925,726859.567816678
1926,9618499.537849365
1927,6069245.467736683
1928,125994.52834473799
1929,31663878.297971703
1930,505407.13083677675
1931,560.9623213674162
1932,340033.7627222982
1933,435285.7420590124
1934,238811.43086114991
1935,2026693.8732098923
1936,8460.046032665046
1937,7.5722815035256055
1938,243.40393965063308
1939,56476.87235290147
1940,779708.3247918208
1941,380284.8012064956
1942,8244.790665440512
1943,5954.51492473138
1944,2797194.9097088776
1945,4187473.743196857
1946,6457653.639424536
1947,152015.5199849641
1948,630544.2699350929
1949,6118749.160047931
1950,1770.8664136103266
1951,203336.2304874293
1952,2136544.485520039
1953,181203451.01059023
1954,6318.8663100040785
1955,15889.097816985462
1956,36946.78261520455
1957,349561.84162184765
1958,429923.7161489416
1959,671.9934954196506
1960,11733537.249371897
1961,5759.25071033743
1962,3188309.3028141963
1963,4866665.969933966
1964,7709151.898687742
1965,26446372.931898467
1966,16704.787946651137
1967,346728.42357493885
1968,8115.341598723973
1969,232.72704702512232
1970,492485.6734449215
1971,1543196.9439735876
1972,349334.22531323496
1973,24332750.4364978
1974,21.681955885896624
1975,66.50648624593784
1976,72.93734968361392
1977,13202.444387989202
1978,2282953.872469467
1979,17678816.184280366
1980,17330.915876923747
1981,868937.8594828405
1982,694108.2355541426
1983,641.0675064339207
1984,10321919.238373289
1985,3445.315021087852
1986,2669649.3575908607
1987,948075.0183984577
1988,463.71352928292833
1989,90097107.65864909
1990,15437070.241752272
1991,244078.41540848347
1992,2751.0037568557073
1993,287118.09405001387
1994,288.1757116679623
1995,3602633.2635823837
1996,282.84671006148324
1997,21037.854186488894
1998,677096.1602808606
1999,113933.22012221886
